batch_id,source_screenshot,search_tag,etsy_best,product_type,title,price,original_price,discount,shop_name,rating,review_count,badge,free_shipping,is_ad,import_date
1,keepsake_1.png,keepsake,star_seller,trinket dish,"Personalised Bestie Photo Trinket Dish, Cu...",111194,247097,55,Rehandmade,4.9,141,Popular now,false,false,2026-04-15
1,keepsake_1.png,keepsake,star_seller,trinket dish,Personalised Photo Trinket Dish with Stand...,76860,169914,55,LuckFamilyCrafts,4.8,8300,Popular now,false,false,2026-04-15
1,keepsake_1.png,keepsake,star_seller,ring dish,"Godmother Ring Dish, Personalized Godmo...",272727,545455,50,Sarinkh,5.0,37,Popular now,false,false,2026-04-15
1,keepsake_1.png,keepsake,star_seller,jewelry dish,"Personalized Photo Jewelry Dish for Mom,...",148485,330028,55,LittleCustomJewelry,4.8,533,Popular now,false,false,2026-04-15
1,keepsake_1.png,keepsake,star_seller,ring dish,"Personalized Sister in Law Ring Dish, Weddi...",231405,330571,30,YodwinCo,4.8,116,Popular now,false,false,2026-04-15
1,keepsake_1.png,keepsake,star_seller,jewelry dish,"Personalized Photo Jewelry Dish, Mother of...",95592,191183,50,Blueceramik,5.0,16,,true,false,2026-04-15
1,keepsake_1.png,keepsake,star_seller,jewelry dish,"Personalized Ceramic Photo Jewelry Dish, F...",87052,217632,60,SteelGiftshop,4.8,407,Bestseller,false,false,2026-04-15
1,keepsake_1.png,keepsake,star_seller,jewelry dish,"Custom University Jewelry Dish, Personaliz...",165014,330028,50,LittleCustomJewelry,4.8,533,Popular now,false,false,2026-04-15
2,keepsake_2.png,keepsake,star_seller,ring dish,"Personalized Grandma Ceramic Ring Dish,...",320937,458478,30,JustBecauseSpecial,4.7,2500,Popular now,false,false,2026-04-15
2,keepsake_2.png,keepsake,star_seller,trinket dish,"Personalized Photo Trinket Dish, Custom Ri...",87052,217632,60,SteelGiftshop,4.8,407,,false,false,2026-04-15
2,keepsake_2.png,keepsake,star_seller,trinket dish,Personalized Photo Trinket Dish: Custom Je...,76860,109914,30,LuckFamilyCrafts,4.8,407,Etsy's Pick,false,false,2026-04-15
2,keepsake_2.png,keepsake,star_seller,jewelry dish,"Personalized Gift Jewelry Dish, Custom Gift...",244904,376868,35,Wedrapilkul,4.4,228,Popular now,false,false,2026-04-15
2,keepsake_2.png,keepsake,star_seller,ring dish,"Personalized New Grandma Ring Dish, First...",182645,280992,35,KanamGifts,5.0,97,,false,false,2026-04-15
2,keepsake_2.png,keepsake,star_seller,ring dish tray,"Personalized Engagement Ring Dish Tray, T...",220110,440220,50,ForeverGiftsCoArt,4.7,494,Popular now,false,false,2026-04-15
2,keepsake_2.png,keepsake,star_seller,jewelry dish,Custom Photo Jewelry Dish for Mothers Da...,110193,275482,60,Blueskystudiony,4.8,1200,,false,false,2026-04-15
2,keepsake_2.png,keepsake,star_seller,jewelry tray,"Personalized Bridesmaid Jewelry Tray, Cust...",320937,458478,30,JustBecauseSpecial,4.7,2500,,false,false,2026-04-15
3,keepsake_3.png,keepsake,star_seller,trinket dish,"University Custom Trinket Ring Dish, Person...",133609,333884,60,SteelGiftshop,4.8,407,Popular now,false,false,2026-04-15
3,keepsake_3.png,keepsake,star_seller,jewelry dish,"Mothers Day Gifts, Photo Gifts for Mom We...",110193,275482,60,Blueskystudiony,4.8,1200,Popular now,false,false,2026-04-15
3,keepsake_3.png,keepsake,star_seller,ring dish,"Personalized Nurse Ring Dish, Nurse Gradu...",272727,545454,50,Sarinkh,5.0,37,Popular now,false,false,2026-04-15
3,keepsake_3.png,keepsake,star_seller,jewelry dish,"Personalized Graduation Jewelry Dish, Grad...",231405,330571,30,YodwinCo,4.8,117,Popular now,false,false,2026-04-15
3,keepsake_3.png,keepsake,star_seller,jewelry dish,Personalized Maid of Honor Ceramic Jewe...,44077,110193,60,HeartboundMade,4.7,1170,Bestseller,false,false,2026-04-15
3,keepsake_3.png,keepsake,star_seller,jewelry dish,"Mother of the Bride Jewelry Dish, Custom J...",320937,458478,30,JustBecauseSpecial,4.7,2500,Popular now,false,false,2026-04-15
3,keepsake_3.png,keepsake,star_seller,jewelry dish,"Personalized Baptism Jewelry Dish, Cross R...",141322,217433,35,KanamGifts,5.0,97,,false,false,2026-04-15
3,keepsake_3.png,keepsake,star_seller,jewelry dish,"Nurse Appreciation Gifts, Nurse Graduation...",110193,275482,60,Blueskystudiony,4.8,526,,false,false,2026-04-15
4,keepsake_4.png,keepsake,star_seller,ring dish,"Personalized Birth Flower Ring Dish, Waterc...",111194,247095,55,Ifehandmade,4.9,145,Popular now,false,false,2026-04-15
4,keepsake_4.png,keepsake,star_seller,ring dish,"Ceramic Ring Dish, Personalized Matron Of...",272727,545455,50,Sarinkh,5.0,37,Popular now,true,false,2026-04-15
4,keepsake_4.png,keepsake,star_seller,ring dish,"Nurse Ring Dish, Personalized New Nurse...",272727,545455,50,Sarinkh,5.0,37,Popular now,false,false,2026-04-15
4,keepsake_4.png,keepsake,star_seller,ring dish,"Custom Grandma to Be Ring Dish, First Ti...",110193,275482,60,Blueskystudiony,4.8,1200,,false,false,2026-04-15
4,keepsake_4.png,keepsake,star_seller,jewelry dish,"Personalized Photo Jewelry Dish, Custom P...",82495,235614,65,ManMood,4.9,74,Bestseller,false,false,2026-04-15
4,keepsake_4.png,keepsake,star_seller,crystal ball lamp,Personalized Moon LED Crystal Ball Night L...,578512,1446281,60,EngraveWoodGift,4.8,224,Popular now,false,false,2026-04-15
4,keepsake_4.png,keepsake,star_seller,ring dish,"Custom Photo Flower Jewelry Ring Dish, Pe...",111194,247095,55,Ifehandmade,4.9,145,,false,false,2026-04-15
4,keepsake_4.png,keepsake,star_seller,jewelry dish,"Mother's Day Gift for Mom, Personalized Ph...",231405,330571,30,YodwinCo,4.8,117,,true,false,2026-04-15
1,baby girl gift_1.png,baby girl gift,star_seller,plush toy,Personalized Embroidered Bunny Plush Bab...,660776,1321552,50,HandMadeByFlower,4.7,119,Popular now,true,false,2026-04-15
1,baby girl gift_1.png,baby girl gift,star_seller,baby romper,Hand Embroidered Name Baby Romper Set...,410468,820936,50,MillionDesignArt,4.8,13300,Popular now,false,false,2026-04-15
1,baby girl gift_1.png,baby girl gift,star_seller,baby shower favor,Personalized Swan Baby Shower Favor Mag...,1787879,,,EasLuxeDesignCo,5.0,2,,true,false,2026-04-15
1,baby girl gift_1.png,baby girl gift,star_seller,night light,"Personalized Name Night Light for Girl, Bun...",297602,661504,55,ZoeCustomCharm,5.0,79,Popular now,false,false,2026-04-15
1,baby girl gift_1.png,baby girl gift,star_seller,baby blanket,Personalized Baby Blanket with Name I Cutt...,661576,,,TheStitchedPath,4.9,268,Popular now,false,false,2026-04-15
1,baby girl gift_1.png,baby girl gift,star_seller,wooden birth sign,Baby Girl Hello World Wood Birth St...,85932,107090,20,HandmadeLenking,4.9,195,Popular now,false,false,2026-04-15
1,baby girl gift_1.png,baby girl gift,star_seller,baby gift set,"Personalized New Baby Gift Set, New Baby...",881343,1175124,25,DreamByEU,4.9,106,,false,false,2026-04-15
1,baby girl gift_1.png,baby girl gift,star_seller,baby blanket,Personalized Organic Cotton Knit Baby Blan...,151866,608000,75,ZoeCustomCharm,5.0,,,false,false,2026-04-15
2,baby girl gift_2.png,baby girl gift,star_seller,storage basket,Personalized Embroidery Baby Storage Bas...,180441,240588,25,Giftmiz,4.7,234,Popular now,true,false,2026-04-15
2,baby girl gift_2.png,baby girl gift,star_seller,diaper caddy basket,"Custom Plush Diaper Caddy Basket, Person...",446281,892562,50,Thesset,4.8,148,Popular now,false,false,2026-04-15
2,baby girl gift_2.png,baby girl gift,star_seller,musical carousel,Musical Wooden Ballerina Carousel Keepsa...,318182,600350,47,BrixsByKevin,4.8,3600,Popular now,false,false,2026-04-15
2,baby girl gift_2.png,baby girl gift,star_seller,storybook,Personalized Nursery Rhymes Storybook |...,472176,555502,15,MsSparksDesigns,4.9,820,Bestseller,false,false,2026-04-15
2,baby girl gift_2.png,baby girl gift,star_seller,baptism gift,"Personalized Baptism Gift, First Communio...",247107,411845,40,Giftmiz,4.8,69400,,false,false,2026-04-15
2,baby girl gift_2.png,baby girl gift,star_seller,christmas ornament,Personalized Baby's First Christmas Ornam...,229201,458678,50,MagvoyageCo,4.8,,,false,false,2026-04-15
2,baby girl gift_2.png,baby girl gift,star_seller,milestone blanket,Monthly Milestone Blanket Baby Growth Ch...,1377135,2118733,35,DreamByEU,4.0,256,,false,false,2026-04-15
2,baby girl gift_2.png,baby girl gift,star_seller,baby gift set,"Personalized New Baby Gift Set, New Baby...",881343,1175124,25,DreamByEU,4.9,10000,,false,false,2026-04-15
3,baby girl gift_3.png,baby girl gift,star_seller,gift box,Personalized Baby Girl Gift Box | Keepsake...,1193657,1591543,25,Made2PerfectionShop,4.8,222,,false,false,2026-04-15
3,baby girl gift_3.png,baby girl gift,star_seller,photo album,"Personalized Baby Photo Album, Baby Girl...",844904,1126539,25,MCLeatherzone,4.9,2500,,false,false,2026-04-15
3,baby girl gift_3.png,baby girl gift,star_seller,tooth fairy box,"Custom Engraved Tooth Fairy Box, Baby Too...",265857,447700,40,JoygiftshopiGB,4.8,334,,false,false,2026-04-15
3,baby girl gift_3.png,baby girl gift,star_seller,diaper caddy basket,"Personalized Diaper Caddy Basket, Plush B...",446281,892562,50,Thesset,4.8,148,Popular now,false,false,2026-04-15
3,baby girl gift_3.png,baby girl gift,star_seller,baby romper,"Newborn Frilly Romper, Custom Name Bab...",494490,1008068,51,WeeshopUS,4.8,1600,Popular now,false,false,2026-04-15
3,baby girl gift_3.png,baby girl gift,star_seller,baby gift set,"Personalized New Baby Gift Set, New Baby...",1049254,1399005,25,DreamByEU,4.9,106,,false,false,2026-04-15
3,baby girl gift_3.png,baby girl gift,star_seller,keychain,Personalized Custom Baby Boy Girl Face Ke...,279851,559700,50,BeaubeCrafts,5.0,659,Bestseller,false,false,2026-04-15
3,baby girl gift_3.png,baby girl gift,star_seller,journal book,"Letters To My Little Girl, Dear Daughter Jour...",811657,1082090,25,LunaArahellaDesigns,4.8,5319,,false,false,2026-04-15
4,baby girl gift_4.png,baby girl gift,star_seller,night light,Personalised Children's Cute Bunny Night Li...,1138060,,,Made2PerfectionShop,4.9,23100,Bestseller,false,false,2026-04-15
4,baby girl gift_4.png,baby girl gift,star_seller,baby romper,"Custom Name Baby Romper, Personalized...",438017,876034,50,PenbabyStudio,4.8,407,,false,false,2026-04-15
4,baby girl gift_4.png,baby girl gift,star_seller,woven blanket,Personalized Silly Goose Woven Blanket Hei...,800654,1930870,59,LAUMIANstudio,4.9,824,,false,false,2026-04-15
4,baby girl gift_4.png,baby girl gift,star_seller,christening gift,"Christening Gift for Baby Girl, Personalized...",550000,687500,20,Merliore,4.9,13900,,false,false,2026-04-15
4,baby girl gift_4.png,baby girl gift,star_seller,denim jacket,"Custom Kids Denim Jacket, Personalized E...",661157,1101928,40,PenbabyStudio,4.7,167,Popular now,false,false,2026-04-15
4,baby girl gift_4.png,baby girl gift,star_seller,handmade basket,"Personalized Handmade Basket, Handmade...",448750,897500,50,Niorni,4.9,114,Popular now,false,false,2026-04-15
4,baby girl gift_4.png,baby girl gift,star_seller,hairbrush set,"Personalized Wooden Baby Hairbrush Set,...",164738,299440,45,DazedTrinkets,4.8,108,Popular now,false,false,2026-04-15
4,baby girl gift_4.png,baby girl gift,star_seller,baby hamper,"Baby Girl pink baby hamper, Gift set, person...",1268657,,,Thebababee,4.8,,Bestseller,false,false,2026-04-15
5,baby girl gift_5.png,baby girl gift,star_seller,baby sweater,Custom Embroidered Name Sweater...,245179,490358,50,MillionDesignArt,4.9,13300,,false,false,2026-04-15
5,baby girl gift_5.png,baby girl gift,star_seller,baby book,Personalized God Loves You Baby Book Girl...,412948,589926,30,EveryGiftShop,4.8,110,,false,false,2026-04-15
5,baby girl gift_5.png,baby girl gift,star_seller,photo album,"Personalised Baby Photo Album, Baby Girl...",1908284,2544379,25,Levelstinepov,4.8,8600,,false,false,2026-04-15
5,baby girl gift_5.png,baby girl gift,star_seller,baptism pin,Custom Gold Baptism Pin | Virgin Mary Prot...,1157025,,,CatholicMoonDesign,5.0,28,Bestseller,false,false,2026-04-15
5,baby girl gift_5.png,baby girl gift,star_seller,tea party set,Pretend Tea Party set with Dessert Stand Pe...,1100826,1376033,20,PasiMax,4.9,8,,false,false,2026-04-15
5,baby girl gift_5.png,baby girl gift,star_seller,baby romper,"Personalized Baby Girl Romper, Newborn O...",1454851,,,ColouredYarnLtd,5.0,3760,,false,false,2026-04-15
5,baby girl gift_5.png,baby girl gift,star_seller,baby basket,"Personalized Handmade Baby Basket, Mon...",398174,796348,50,LadosGoods,4.9,,Popular now,false,false,2026-04-15
5,baby girl gift_5.png,baby girl gift,star_seller,baby romper,"Personalized Linen Baby Romper, Embroide...",494490,1098866,55,WeeshopUS,4.8,1600,Popular now,false,false,2026-04-15
6,baby girl gift_6.png,baby girl gift,star_seller,baby romper,"Custom Name Baby Romper, Personalized...",272727,545454,50,MillionDesignArt,4.9,13300,Popular now,false,false,2026-04-15
6,baby girl gift_6.png,baby girl gift,star_seller,baby blanket,Personalized Baby Blanket Minky Throw Nu...,825620,1376033,40,TheSunshineGarden,4.9,10100,Bestseller,false,false,2026-04-15
6,baby girl gift_6.png,baby girl gift,star_seller,name pillow,Embroidered Baby Name Pillow | Handmad...,624000,960000,35,TreeStoryHandmade,4.9,1183,Popular now,true,false,2026-04-15
6,baby girl gift_6.png,baby girl gift,star_seller,baby onesie,Custom Embroidered Dog Portrait Baby On...,624793,1388154,55,Pasimax,4.8,1183,Popular now,false,false,2026-04-15
6,baby girl gift_6.png,baby girl gift,star_seller,baby bodysuit,Custom Pet Portrait Baby Bodysuit from Ph...,624793,1388154,55,Pasimax,4.9,1400,Bestseller,false,false,2026-04-15
6,baby girl gift_6.png,baby girl gift,star_seller,baby blanket,"Embroidered Custom Name Blanket, Soft S...",275207,550414,50,LemonCustomStitch,4.9,,,true,false,2026-04-15
6,baby girl gift_6.png,baby girl gift,star_seller,ballerina night light,"Personalized Ballerina Girl with Name,Custo...",372761,745522,50,ShopIierBoutique,4.8,14800,Bestseller,false,false,2026-04-15
6,baby girl gift_6.png,baby girl gift,star_seller,baby blanket,Toffee Moon Baby Girl Floral Cluster Blush...,2798507,,,Toffeemoonbaby,5.0,645,Etsy's Pick,false,false,2026-04-15
7,baby girl gift_7.png,baby girl gift,star_seller,baby hanger,Personalised Baby Hanger - Baby's First Ou...,111567,,,LittleLoomByDee,4.8,88,,false,false,2026-04-15
7,baby girl gift_7.png,baby girl gift,star_seller,baby book,"Baby's First Year - Pink, Personalized Baby...",1212121,1515152,20,StarJamforKids,4.9,75000,Bestseller,false,false,2026-04-15
7,baby girl gift_7.png,baby girl gift,star_seller,flower bracelet,Custom Baby's Breath Flower with Birthsto...,590634,908816,35,TopasCraftsDesign,4.8,6000,Popular now,false,false,2026-04-15
7,baby girl gift_7.png,baby girl gift,star_seller,teddy bear,Pregnancy Mum To Be Teddy - Mother's Da...,708582,,,Thebababee,4.8,4,Popular now,false,false,2026-04-15
7,baby girl gift_7.png,baby girl gift,star_seller,baby blanket,Personalized Wildflower Baby Blanket Cust...,825620,1376033,40,TheSunshineGarden,4.9,10600,Bestseller,false,false,2026-04-15
7,baby girl gift_7.png,baby girl gift,star_seller,baby sweater,"Custom Embroidered Baby Name Sweater,...",357851,560413,36,TinyBams,5.0,,Popular now,false,true,2026-04-15
7,baby girl gift_7.png,baby girl gift,star_seller,night light,"1st Birthday Gift for Baby Girl, Whimsical Fai...",550000,687500,20,MerNore,4.9,13900,,false,false,2026-04-15
7,baby girl gift_7.png,baby girl gift,star_seller,baby mobile,"Swan Baby Mobile, Swan Baby Shower, Ba...",2141322,4282644,50,BabyMayon,4.8,217,,false,false,2026-04-15
8,baby girl gift_8.png,baby girl gift,star_seller,photo album,Hand Embroidered Baby Photo Album With...,1101709,1469282,25,LanahomeCraft,4.9,6700,Popular now,true,false,2026-04-15
8,baby girl gift_8.png,baby girl gift,star_seller,baby romper,"First Birthday Romper,1st Birthday Outfit,Ha...",494490,1098866,55,WeeshopUS,4.8,8800,Bestseller,false,false,2026-04-15
8,baby girl gift_8.png,baby girl gift,star_seller,baby gift box,"Baby Girl Gift Box, Baby Gift Set, Baby Sho...",1446281,,,TreasureBabyBundles,5.0,3100,Bestseller,false,false,2026-04-15
8,baby girl gift_8.png,baby girl gift,star_seller,baby shoes,Crochet Baby Shoes Teddy Bear | Handmad...,666391,1241640,46,HaneuWoolShop,5.0,12,,true,false,2026-04-15
1,baby keepsake_1.png,baby keepsake,star_seller,plush toy,Personalized Embroidered Bunny Plush Bab...,669776,1339552,50,HandMadeByFlower,4.7,119,Popular now,true,false,2026-04-15
1,baby keepsake_1.png,baby keepsake,star_seller,keepsake album,Custom Hand Embroidered Keepsake Albu...,1100066,1480896,26,TopazCraftsDesign,4.8,360,Popular now,true,false,2026-04-15
1,baby keepsake_1.png,baby keepsake,star_seller,photo album,Hand Embroidered Baby Photo Album with...,1079890,1439853,25,TheCuciHandEmbroidery,4.8,182,Popular now,true,false,2026-04-15
1,baby keepsake_1.png,baby keepsake,star_seller,photo album,Hand Embroidered Baby Photo Album With...,1101709,1469282,25,LanahomeCraft,4.9,6700,Popular now,true,false,2026-04-15
1,baby keepsake_1.png,baby keepsake,star_seller,birth stats print,"The Day You Were Born Print, Birth State Pri...",223881,293264,24,TopazCraftsDesign,4.9,7100,,false,false,2026-04-15
1,baby keepsake_1.png,baby keepsake,star_seller,flower bracelet,Custom Baby's Breath Flower with Birthsto...,590634,908816,35,TopazCraftsDesign,4.8,6000,Popular now,false,false,2026-04-15
1,baby keepsake_1.png,baby keepsake,star_seller,hairbrush set,"Personalized Wooden Baby Hairbrush Set,...",164738,299440,45,DazedTrinkets,4.8,108,Popular now,false,false,2026-04-15
1,baby keepsake_1.png,baby keepsake,star_seller,wooden puzzle,"Personalized Giraffe Family Puzzle, Mother...",530970,707960,25,PigginPuzzle,4.8,617,Popular now,false,false,2026-04-15
2,baby keepsake_2.png,baby keepsake,star_seller,wooden puzzle,Personalized Elephant Family Wooden Puzz...,190725,285563,33,SnowMountainARTGifts,4.8,5800,,true,false,2026-04-15
2,baby keepsake_2.png,baby keepsake,star_seller,keepsake album,"Personalized Christmas gift for baby, Hand...",1093664,1562377,30,JoyfulAndDreamy,5.0,8900,Popular now,true,false,2026-04-15
2,baby keepsake_2.png,baby keepsake,star_seller,baby shower favor,Personalized Swan Baby Shower Favor Mag...,1787879,,,EasLuxeDesignCo,5.0,2,,true,false,2026-04-15
2,baby keepsake_2.png,baby keepsake,star_seller,storage basket,Personalized Embroidery Baby Storage Bas...,180441,240588,25,Giftmiz,4.7,234,,true,false,2026-04-15
2,baby keepsake_2.png,baby keepsake,star_seller,tooth fairy box,"Custom Engraved Tooth Fairy Box, Baby Too...",268657,447095,40,JoygiftshopiGB,4.9,333,,false,false,2026-04-15
2,baby keepsake_2.png,baby keepsake,star_seller,musical carousel,Musical Wooden Ballerina Carousel Keepsa...,318182,600350,47,BrixsByKevin,4.8,3600,Popular now,false,false,2026-04-15
2,baby keepsake_2.png,baby keepsake,star_seller,keepsake plaque,"Baby Photo Keepsake Gift, Baby Birth Anno...",940299,1044776,10,TreasureBoxStudioLTD,,,Bestseller,false,false,2026-04-15
2,baby keepsake_2.png,baby keepsake,star_seller,photo frame,"First Mother's Day Photo Frame, Personaliz...",254728,636820,60,MyWeddingGoArt,4.8,549,Popular now,true,false,2026-04-15
3,baby keepsake_3.png,baby keepsake,star_seller,baby book,"Baby's First Year - Beige, Personalized Baby...",1212121,1515152,20,StarJamforKids,4.9,7500,Bestseller,false,false,2026-04-15
3,baby keepsake_3.png,baby keepsake,star_seller,picture frame,"Personalized Baby First Year Picture Frame,...",592287,1184574,50,LightStar,4.7,2500,Bestseller,false,false,2026-04-15
3,baby keepsake_3.png,baby keepsake,star_seller,baby bodysuit,Custom Pet Portrait Baby Bodysuit from Ph...,624793,1388154,55,Pasimax,4.9,1400,Bestseller,false,false,2026-04-15
3,baby keepsake_3.png,baby keepsake,star_seller,baby book,Personalized Mother's Day Book | First Mot...,515152,606060,15,TheHopeHaus,5.0,318,Popular now,false,false,2026-04-15
3,baby keepsake_3.png,baby keepsake,star_seller,picture frame,"Personalized Baby First Year Picture Frame,...",592287,1184574,50,LightStar,4.7,2500,,false,false,2026-04-15
3,baby keepsake_3.png,baby keepsake,star_seller,baby onesie,Custom Embroidered Dog Portrait Baby On...,624793,1388154,55,Pasimax,4.9,1400,Popular now,false,false,2026-04-15
3,baby keepsake_3.png,baby keepsake,star_seller,photo board,"Personalized Baby First Year Photo Board, B...",448134,748557,40,ManiaPlzcinko,4.7,9000,,false,false,2026-04-15
3,baby keepsake_3.png,baby keepsake,star_seller,birth stats print,Custom Baby Birth Stats Print - Framed or...,413223,,,Palomia,5.0,11,,false,false,2026-04-15
4,baby keepsake_4.png,baby keepsake,star_seller,first mother's day gift,"Personalized First Mother's Day Gift, 1st Mo...",550000,687500,20,MerNore,4.9,1900,,false,false,2026-04-15
4,baby keepsake_4.png,baby keepsake,star_seller,photo album,Embroidered Baby Photo Album - Personal...,1154478,2886195,60,SheilNeoms,4.9,72,,true,false,2026-04-15
4,baby keepsake_4.png,baby keepsake,star_seller,time capsule box,"Personalized time capsule keepsake box, fst...",1101377,2753443,60,EngraveMyMemories,4.9,54300,,false,false,2026-04-15
4,baby keepsake_4.png,baby keepsake,star_seller,photo locket,Engraved Ultrasound Photo Locket: Stainles...,1432507,,,RestoftheNest,5.0,2900,,false,false,2026-04-15
4,baby keepsake_4.png,baby keepsake,star_seller,baby bodysuit,Custom Embroidered Pet Portrait Baby Body...,608264,1216528,50,VaNEmbroidery,4.9,280,,false,false,2026-04-15
4,baby keepsake_4.png,baby keepsake,star_seller,birth stats print,Personalized Newborn Birth Stats Photo Pri...,559701,,,WildSoulPrintCo,4.9,1300,,false,false,2026-04-15
4,baby keepsake_4.png,baby keepsake,star_seller,christmas ornament,Personalized Baby's First Christmas Ornam...,229201,458678,50,MagvoyageCo,4.8,8300,Bestseller,false,false,2026-04-15
4,baby keepsake_4.png,baby keepsake,star_seller,keepsake box,Personalized keepsake box with name...,,,,VonMiaShop,4.9,8300,Popular now,false,false,2026-04-15
5,baby keepsake_5.png,baby keepsake,star_seller,birth details plaque,Personalised Birth Details Plaque with Phot...,940299,1044776,10,TreasureBoxStudioLTD,5.0,932,,false,false,2026-04-15
5,baby keepsake_5.png,baby keepsake,star_seller,photo album,Hand Embroidered Baby Photo Album With...,1161708,1548036,25,LanahomeCraft,4.9,8700,,true,false,2026-04-15
5,baby keepsake_5.png,baby keepsake,star_seller,photo album,Hand Embroidered Baby Photo Album With...,1161708,1548036,25,LanahomeCraft,4.9,8700,,true,false,2026-04-15
5,baby keepsake_5.png,baby keepsake,star_seller,photo album,"Personalized Baby Photo Albums, Hand Em...",1137741,1625344,30,ThuDucHandEmbroidery,4.9,81,,true,false,2026-04-15
5,baby keepsake_5.png,baby keepsake,star_seller,hair keepsake box,"Custom Baby First Hair Keepsake Box, Pers...",1216566,2433132,50,Austero,4.9,1570,Popular now,false,false,2026-04-15
5,baby keepsake_5.png,baby keepsake,star_seller,music box,"Personalized Wooden Music Box, Engraved...",479063,798439,40,BrixsByKevin,4.8,3600,Etsy's Pick,false,false,2026-04-15
5,baby keepsake_5.png,baby keepsake,star_seller,memorial sign,"Baby Memorial Angel Wooden Heart Sign, I...",440771,881543,50,QuietBloomLab,4.8,600,,false,false,2026-04-15
5,baby keepsake_5.png,baby keepsake,star_seller,keepsake book,"The Moment You Became My Mommy,Pers...",62755,104592,40,FluityPresents,4.8,493,,false,false,2026-04-15
6,baby keepsake_6.png,baby keepsake,star_seller,hair keepsake box,Custom First Curl Silver-Plated Baby Keeps...,606061,,,BlessiaUK,4.8,81,,false,false,2026-04-15
6,baby keepsake_6.png,baby keepsake,star_seller,embroidered album,Personalized Hand Embroidered Bunny Init...,1330579,1900827,30,ThuCucHandEmbroidery,4.9,183,,true,false,2026-04-15
6,baby keepsake_6.png,baby keepsake,star_seller,announcement photo frame,Personalised Baby Announcement Photo Fr...,447388,,,SecretCreation,4.9,32000,,false,false,2026-04-15
6,baby keepsake_6.png,baby keepsake,star_seller,baby hanger,Personalised Baby Hanger - Baby's First Ou...,111567,,,LittleLoomByDee,4.8,88,,false,false,2026-04-15
6,baby keepsake_6.png,baby keepsake,star_seller,baby book,Personalized First Mother's Day Book From...,515152,606060,15,TheHopeHaus,5.0,318,Popular now,false,false,2026-04-15
6,baby keepsake_6.png,baby keepsake,star_seller,wooden mother figure,"First Mothers Day Gifts, Custom Wooden M...",358209,607981,41,JoygiftshopiGB,4.9,333,Popular now,false,false,2026-04-15
6,baby keepsake_6.png,baby keepsake,star_seller,storybook,Personalized Nursery Rhymes Storybook |...,472176,555502,15,MsSparksDesigns,4.8,820,Bestseller,false,false,2026-04-15
6,baby keepsake_6.png,baby keepsake,star_seller,wooden birth sign,Baby Girl Hello World Sign Wooden Birth St...,89532,179064,50,HandmadeByLenking,4.8,998,,true,false,2026-04-15
1,birth announcement_1.png,birth announcement,star_seller,ring dish,"Personalized New Grandma Ring Dish, First...",182645,280992,35,KanamGifts,4.9,2500,,false,false,2026-04-15
1,birth announcement_1.png,birth announcement,star_seller,birth name sign,Girl Birth Name Sign Bow Hospital Announc...,681576,,,InkwellandInkga,5.0,3800,Popular now,false,false,2026-04-15
1,birth announcement_1.png,birth announcement,star_seller,name sign,Baby Boy Name Announcement Sign: New...,605785,,,BeamworkStudios,,2400,Popular now,false,false,2026-04-15
1,birth announcement_1.png,birth announcement,star_seller,keepsake plaque,"Baby Photo Keepsake Gift, Baby Birth Anno...",940299,1044776,10,TreasureBoxStudioLTD,,18,Bestseller,false,false,2026-04-15
1,birth announcement_1.png,birth announcement,star_seller,ring dish,"Personalized Grandma Ceramic Ring Dish,...",320937,468478,32,JustBecauseSpecial,4.7,2500,Popular now,false,false,2026-04-15
1,birth announcement_1.png,birth announcement,star_seller,baby announcement sign,She's Here Wooden Baby Announcement St...,161157,247934,35,HandmadeLenking,4.8,999,,,true,2026-04-15
1,birth announcement_1.png,birth announcement,star_seller,name sign,Personalized Wood Newborn Baby Name Si...,633333,,,TreasureBoxStudioLTD,5.0,,,false,false,2026-04-15
1,birth announcement_1.png,birth announcement,star_seller,birth stats sign,Birth Stats Sign Baby Announcement Custo...,1363381,1948116,30,Digitalovernarl,4.7,885,Bestseller,false,false,2026-04-15
2,birth announcement_2.png,birth announcement,star_seller,embroidery hoop,"Custom Embroidered Baby Name Hoop, Pe...",730028,,,MadeleiHuong,5.0,5,,true,false,2026-04-15
2,birth announcement_2.png,birth announcement,star_seller,embroidered birth announcement,Custom Embroidered Birth Announcement...,220110,,,MissAndLiis,5.0,27,,false,false,2026-04-15
2,birth announcement_2.png,birth announcement,star_seller,keepsake plaque,"Baby Photo Keepsake Gift, Baby Birth Anno...",940299,1044776,10,TreasureBoxStudioLTD,5.0,932,,false,false,2026-04-15
2,birth announcement_2.png,birth announcement,star_seller,embroidery hoop,Custom Baby Name Embroidery Hoop | Birt...,881543,1470905,40,TheCedarCollectivesCo,5.0,10,,false,false,2026-04-15
2,birth announcement_2.png,birth announcement,star_seller,name sign,"Personalized Baby Name Sign, Custom Ted...",1322039,1836165,28,DuongFortune,5.0,29,,true,false,2026-04-15
2,birth announcement_2.png,birth announcement,star_seller,keepsake plaque,"Baby Photo Keepsake Gift, Baby Birth Anno...",940299,1044776,10,TreasureBoxStudioLTD,5.0,932,,false,false,2026-04-15
2,birth announcement_2.png,birth announcement,star_seller,announcement photo frame,Personalised Baby Announcement Photo Fr...,447388,,,SecretCreation,4.9,32000,,false,false,2026-04-15
2,birth announcement_2.png,birth announcement,star_seller,name sign,Baby Name Announcement Sign: Newborn...,523140,,,BeamworkStudios,5.0,,Popular now,false,false,2026-04-15
3,birth announcement_3.png,birth announcement,star_seller,night light,"Personalized New Baby Gift, Baby Night Lig...",670619,1341238,50,JINGYIDesign,4.8,2600,,false,false,2026-04-15
3,birth announcement_3.png,birth announcement,star_seller,birth plaque,"New Baby Birth Plaque, New Baby Keepsak...",940299,1044776,10,TreasureBoxStudioLTD,5.0,933,,false,false,2026-04-15
3,birth announcement_3.png,birth announcement,star_seller,photo frame,Crochet Teddy Bear Girl Photo Frame - Pers...,3235294,,,Tusiam,4.9,321,,true,false,2026-04-15
3,birth announcement_3.png,birth announcement,star_seller,name sign,Personalized Baby Name Announcement Si...,660882,,,BeamworkStudios,5.0,2400,,false,false,2026-04-15
3,birth announcement_3.png,birth announcement,star_seller,hand footprint print,Personalized Baby Hand & Footprint Foil Pri...,1305697,,,StampedForWordsShop,4.8,3100,Bestseller,false,false,2026-04-15
3,birth announcement_3.png,birth announcement,star_seller,keepsake plaque,"Baby Keepsake Gift, Baby Birth Announcem...",940299,1044776,10,TreasureBoxStudioLTD,5.0,933,,false,false,2026-04-15
3,birth announcement_3.png,birth announcement,star_seller,milestone tag,Personalized Baby Milestone Tag: Engraved...,329201,506463,35,NVThem,4.8,578,,false,false,2026-04-15
3,birth announcement_3.png,birth announcement,star_seller,name banner,Custom Baby Name Hospital & Nursery Ban...,881267,1600485,45,EvaHairExtensions,4.8,204,,false,false,2026-04-15
4,birth announcement_4.png,birth announcement,star_seller,wooden name plaque,Wooden Baby Name Announcement Plaqu...,559328,,,IsobeStudio,4.9,257,,false,false,2026-04-15
4,birth announcement_4.png,birth announcement,star_seller,birth stats sign,Purple Castle Personalize Girl Wood Birth S...,641448,916640,30,BoomBukkz,5.0,117,,false,false,2026-04-15
4,birth announcement_4.png,birth announcement,star_seller,keepsake plaque,"Custom Baby Keepsake Plaque, Birth Anno...",940299,1044776,10,TreasureBoxStudioLTD,5.0,932,,false,false,2026-04-15
4,birth announcement_4.png,birth announcement,star_seller,name sign,Personalized Baby Name Announcement Si...,605785,,,BeamworkStudios,5.0,2400,,false,false,2026-04-15
4,birth announcement_4.png,birth announcement,star_seller,name sign,"Personalised Name Sign, Wooden Baby Gir...",185821,,,Velliamars,5.0,8600,,false,false,2026-04-15
4,birth announcement_4.png,birth announcement,star_seller,birth flower sign,Personalized Birth Flower Baby Name Sign...,372176,620293,40,NVThem,4.9,578,,true,false,2026-04-15
4,birth announcement_4.png,birth announcement,star_seller,footprint wooden plaque,Personalized Footprint Memorial Wooden P...,688705,1377410,50,CalieMadeJustforYou,5.0,96,,false,false,2026-04-15
4,birth announcement_4.png,birth announcement,star_seller,birth announcement sign,Birth Announcement Sign with Baby Name:...,530029,963689,45,ModernoGifts,5.0,3,,false,false,2026-04-15
5,birth announcement_5.png,birth announcement,star_seller,birth announcement sign,Baby Announcement Sign & Custom Name...,438017,876034,50,RaenaiBabyShower,4.9,14900,,false,false,2026-04-15
5,birth announcement_5.png,birth announcement,star_seller,star map print,"Personalised Baby Star Map Print, Custom...",745986,,,WeAreKollektiv,4.9,11700,,false,false,2026-04-15
5,birth announcement_5.png,birth announcement,star_seller,keepsake plaque,"Baby Photo Keepsake Gift, Baby Birth Anno...",940299,1044776,10,TreasureBoxStudioLTD,5.0,933,,false,false,2026-04-15
5,birth announcement_5.png,birth announcement,star_seller,birth announcement sign,Checkered Teddy Bear Boy Birth Announce...,873829,1248327,30,GifterStudioShop,4.9,744,,false,false,2026-04-15
5,birth announcement_5.png,birth announcement,star_seller,birth block,Personalized Baby Birth Block: Engraved Be...,1101928,,,YaseminGiftsCo,4.9,197,,false,false,2026-04-15
5,birth announcement_5.png,birth announcement,star_seller,birth stats sign,Pink Bow Coquette Birth: Stat Sign Birth An...,700275,1000393,30,GifterStudioShop,4.9,174,,false,false,2026-04-15
5,birth announcement_5.png,birth announcement,star_seller,woodland birth sign,Woodland Animals Birth Announcement Sig...,1363361,1514846,10,EvaShamerCreations,5.0,,,false,false,2026-04-15
5,birth announcement_5.png,birth announcement,star_seller,birth announcement sign,"Baby Girl Birth Announcement Sign, Custo...",701634,779593,10,AXOOKOKIDOOS,5.0,68,,false,false,2026-04-15
